title,rating,reviewCount,category,attributes,address,plusCode,website,phoneNumber,saturday,sunday,monday,tuesday,wednesday,thursday,friday,imgUrl,isClaimed,latitude,longitude
Pet Shop Baki,4.1,15,Pet Shop,EMPTY,Skopje North Macedonia,X9XQ+RJ Skopje North Macedonia,,+389 2 307 6863,9:30am-2pm,Closed,9:30am-2pm 4:30-8pm,9:30am-2pm 4:30-8pm,9:30am-2pm 4:30-8pm,9:30am-2pm 4:30-8pm,9:30am-2pm 4:30-8pm,https://lh5.googleusercontent.com/p/AF1QipNdD_C9eog2moEdnnWYUu6hSnwDVE_VPaxOfoPS=w426-h240-k-no,FALSE,41.9995625,21.3890625
Pet Shop Park,4.7,14,Pet Shop,EMPTY,Orce Nikolov br.142  Skopje 1000  North Macedonia,2C38+J9 Skopje North Macedonia,,+389 70 242 097,10am-5pm,Closed,10am-8pm,10am-8pm,10am-8pm,10am-8pm,10am-8pm,,FALSE,42.0040625,21.4159375
Akvarium Petshop,4.3,36,Pet Shop,EMPTY,Mitropolit Teodosij Gologanov  lok 10 Skopje 1000 North Macedonia,XCW5+CG Skopje North Macedonia,,+389 75 346 236,10am-4pm,Closed,10am-7pm,10am-7pm,10am-7pm,10am-7pm,10am-7pm,https://lh5.googleusercontent.com/p/AF1QipOlDb7vg2jL5CW64jNr7WWcEznvJX1nyY3Bmlwj=w408-h544-k-no,FALSE,41.9960625,21.4088125
Poki,4.5,28,Pet Shop,EMPTY,Blvd. Partizanski Odredi 155 lok 1000 North Macedonia,2959+5J Skopje North Macedonia,,+389 72 232 301,9am-3pm,Closed,9am-8:30pm,9am-8:30pm,9am-8:30pm,9am-8:30pm,9am-8:30pm,,TRUE,42.0079375,21.3690625
Pet Shop Fauna Centar,4.7,97,Pet Shop,EMPTY,Gjuro Gjakovik Skopje 1000 North Macedonia,XCXF+M4 Skopje North Macedonia,faunacentar.mk,+389 2 312 5192,10am-3pm,Closed,9am-8pm,9am-8pm,9am-8pm,9am-8pm,9am-8pm,https://lh5.googleusercontent.com/p/AF1QipOxeK5F8q08mxC69Y1037d6hyqLnySiuIk8tI_K=w408-h544-k-no,TRUE,41.9991875,21.4228125
Mac-Kac,5,1,Pet Shop,EMPTY,Karposh  Skopje  1000  North Macedonia,293X+9H Skopje North Macedonia,,+389 71 292 332,10:30am-4pm,Closed,10:30am-8pm,10:30am-8pm,10:30am-8pm,10:30am-8pm,10:30am-8pm,,FALSE,42.0034375,21.3989375
Pet shop,5,1,Pet Shop,EMPTY,Bukureshka 5  Skopje 1000  North Macedonia,X9XX+QR Skopje North Macedonia,,,,,,,,,,,FALSE,41.9994375,21.3995625
Luna Pet Shop,4.6,143,Pet Shop,EMPTY,3th Macedonian Brigade Bldv  Skopje 1000  North Macedonia,XFJ5+68 Skopje North Macedonia,lunapetshop.com.mk,+389 71 973 131,10am-3pm,Closed,10am-9pm,10am-9pm,10am-9pm,10am-9pm,10am-9pm,https://lh5.googleusercontent.com/p/AF1QipNN0pusqtsHBg8AgUvkgYFKQCYrD25vcpLOs600=w408-h306-k-no,TRUE,41.9805625,21.4583125
Amazon Pet Shop,4.4,16,Pet Shop,EMPTY,Gjuro Gjakovik  Skopje 1000  North Macedonia,XCXF+89 Skopje North Macedonia,,+389 2 311 8445,10am-4pm,Closed,10am-7pm,10am-7pm,10am-7pm,10am-7pm,10am-7pm,https://geo0.ggpht.com/cbk?panoid=gH9KInp2YzAiycCR0qgZog&output=thumbnail&cb_client=search.gws-prod.gps&thumb=2&w=408&h=240&yaw=221.2849&pitch=0&thumbfov=100,FALSE,41.9983125,21.4234375
pet shop H2O,4.6,36,Pet Shop,EMPTY,History Tatarcev 47b. Lok. 11 MK  Skopje 1000  North Macedonia,XCFW+C5 Skopje North Macedonia,,+389 72 262 593,11am-4pm,Closed,11am-5pm,11am-5pm,11am-5pm,11am-5pm,11am-5pm,,TRUE,41.9735625,21.4454375
Pet Shop Delfin,4.6,94,Pet Shop,EMPTY,Boulevard Jane Sandanski 109  Skopje 1000  North Macedonia,XFP9+2J Skopje North Macedonia,petshopdelfin.mk,+389 78 699 661,10am-8pm,Closed,10am-8pm,10am-8pm,10am-8pm,10am-8pm,10am-8pm,https://lh5.googleusercontent.com/p/AF1QipOUQQpc9Rx_1RqXIrtufzQQGbciwH4sFtX5YOaR=w408-h272-k-no,TRUE,41.9850625,21.4690625
Arina,4.4,53,Pet Shop,EMPTY,Gjuro Gjakovik 20  Skopje 1000  North Macedonia,XCWF+XQ Skopje North Macedonia,,+389 78 454 439,10am-6pm,Closed,9am-8pm,9am-8pm,9am-8pm,9am-8pm,9am-8pm,https://lh5.googleusercontent.com/p/AF1QipMbj3pRzOGBzhldhduughH925QCRZq0HFGrMPUb=w408-h408-k-no,FALSE,41.9974375,21.4244375
ZOO-Pet Market,5,2,Pet Shop,EMPTY,Karposh  Skopje  1000  North Macedonia,X9VW+X6 Skopje North Macedonia,,+389 72 249 550,10am-8pm,Closed,10am-8pm,10am-8pm,10am-8pm,10am-8pm,10am-8pm,,FALSE,41.9949375,21.3955625
Tina Vet - Royal Canin,4.4,16,Pet Shop,EMPTY,Boulevard 8-mi Septemvri 10  Skopje 1000  Skopje 1000  North Macedonia,XCX3+GR Skopje North Macedonia,,+389 2 322 0547,9am-3pm,Closed,9am-8:30pm,9am-8:30pm,9am-8:30pm,9am-8:30pm,9am-8:30pm,https://lh5.googleusercontent.com/p/AF1QipOTEL3dNhCHo5TXBUvfS_xhXfQ-KRrInKVNpSgu=w426-h240-k-no,FALSE,41.9988125,21.4045625
Tina Vet - Ramstor,4.4,26,Pet Shop,EMPTY,Skopje 1000  North Macedonia,XCRH+H5 Skopje North Macedonia,e-petshop.mk,+389 72 214 406,10am-3am,10am-12am,Open 24 hours,Open 24 hours,Open 24 hours,Open 24 hours,Open 24 hours,https://geo0.ggpht.com/cbk?panoid=bDgH40u4MfOKFP5XE3fFPA&output=thumbnail&cb_client=search.gws-prod.gps&thumb=2&w=408&h=240&yaw=210.51956&pitch=0&thumbfov=100,FALSE,41.9914375,21.4279375
"Pet Shop ""Milenice""",4.9,23,Pet Shop,EMPTY,Radishanska  Skopje  North Macedonia,3F32+C8 Skopje North Macedonia,,+389 75 275 005,9am-8pm,Closed,9am-8pm,9am-8pm,9am-8pm,9am-8pm,9am-8pm,,FALSE,42.0535625,21.4508125
Pet Shop Otto,,,Pet Shop,EMPTY,Emile Zola 11  Skopje 1000  North Macedonia,XCPP+28 Skopje North Macedonia,,+389 78 434 645,,,,,,,,https://geo1.ggpht.com/cbk?panoid=YaKStw_yORdCRjcEGimDZA&output=thumbnail&cb_client=search.gws-prod.gps&thumb=2&w=408&h=240&yaw=66.83111&pitch=0&thumbfov=100,FALSE,41.9850625,21.4358125
Amazon Pet Shop,4.3,39,Pet Shop,EMPTY,Boulevard Jane Sandanski 50  Skopje 1000  North Macedonia,XFP7+66 Skopje North Macedonia,,+389 78 369 692,10am-7pm,Closed,11am-9pm,11am-9pm,11am-9pm,11am-9pm,11am-9pm,,FALSE,41.9855625,21.4630625
Pet Stop Kiosk GTC,5,3,Pet Shop,EMPTY,MK Skopje 1000  North Macedonia,XCVP+M2 Skopje North Macedonia,petstop.mk,+389 75 585 799,10am-6pm,Closed,10am-9pm,10am-9pm,10am-9pm,10am-9pm,10am-9pm,https://lh5.googleusercontent.com/p/AF1QipNTWy8NEA7-jRDz2jhqHQbUI6_2Qq8dzwHATEqy=w408-h333-k-no,TRUE,41.9941875,21.4350625
Pet Expert,4.5,17,Pet Shop,EMPTY,Vostanichka  Skopje 1000  North Macedonia,XCHM+R3 Skopje North Macedonia,,+389 71 276 568,9am-3pm,Closed,11am-6:30pm,11am-6:30pm,11am-6:30pm,11am-6:30pm,11am-6:30pm,,FALSE,41.9795625,21.4326875
Pet shop Fauna Centar Aerodrom,5,1,Pet Shop,EMPTY,MK  Boulevard Jane Sandanski 109  Skopje 1000  North Macedonia,XFP9+25 Skopje North Macedonia,faunaelvir.com,+389 78 352 234,10am-3pm,Closed,10am-1pm 4-8pm,10am-1pm 4-8pm,10am-1pm 4-8pm,10am-1pm 4-8pm,10am-1pm 4-8pm,,TRUE,41.9850625,21.4679375
SIVA Pet Shop,5,1,Pet Care Store,EMPTY,Vidoe Smilevski Bato  8 A/1  Skopje 1000  North Macedonia,XFHF+WJ Skopje North Macedonia,,+389 78 420 144,10am-6pm,Closed,3-9pm,3-9pm,3-9pm,3-9pm,3-9pm,,FALSE,41.9798125,21.4740625
"Pet shop ""Milenice""",5,1,Supermarket,EMPTY,Shidska 24  Skopje 1000  North Macedonia,2956+PC Skopje North Macedonia,,,9am-5pm,Closed,8am-8pm,8am-8pm,8am-8pm,8am-8pm,8am-8pm,https://lh5.googleusercontent.com/p/AF1QipMe38FE84PnvehW9PuHlUGiUxtyY2EOtyy38kyJ=w408-h725-k-no,FALSE,42.0093125,21.3610625
Pet Shop Parrot Land - Novo Lisice,5,2,Pet Shop,EMPTY,Boulevard Vidoe Smilevski Bato 14  Skopje 1000 MK  Skopje 1000  North Macedonia,XFHG+V9 Skopje North Macedonia,,+389 72 699 603,10am-5pm,Closed,11am-7pm,11am-7pm,11am-7pm,11am-7pm,11am-7pm,,TRUE,41.9796875,21.4759375
Tutu,3,2,Pet Shop,EMPTY,ulica  Mother Teresa 15  Skopje 1000  North Macedonia,XCRC+HW Skopje North Macedonia,,+389 72 215 271,Closed,Closed,10am-5pm,10am-5pm,10am-5pm,10am-5pm,10am-5pm,,FALSE,41.9914375,21.4223125
Vet Svet veterinarna ambulanta_klinika,5,8,Veterinarian,EMPTY,MK  Nikola Trimpare 27  Skopje 1000  North Macedonia,XCW9+MQ Skopje North Macedonia,vetsvet.mk,+389 2 316 1019,,,,,,,,,TRUE,41.9966875,21.4194375
Zoovet-Centar,3.7,6,Animal hospital,EMPTY,18  Skopje 1000  North Macedonia,2C28+7F Skopje North Macedonia,,+389 2 313 0142,9am-2pm,Closed,9am-8pm,9am-8pm,9am-8pm,8:30am-8pm,9am-7pm,,FALSE,42.0006875,21.4161875
Praksis,3.6,7,Pet Shop,EMPTY,Blagoja Toska  Tetovo 1220  North Macedonia,"2X4G+75 Tetovo, North Macedonia",praksis.com.mk,+389 72 273 896,,,,,,,,,FALSE,42.0056875,20.9754375
Smart Living Concept Store,4.4,30,Shop,EMPTY,MK  Varsavska 1  Skopje 1000  North Macedonia,XCX3+XC Skopje North Macedonia,smartliving.mk,+389 2 325 6087,10am-3pm,Closed,9am-8pm,9am-8pm,9am-8pm,9am-8pm,9am-8pm,https://lh5.googleusercontent.com/p/AF1QipMXTdz9sh0m6yns_hqU5n6tQAcf6GUwFYsJCsgi=w426-h240-k-no,TRUE,41.9999375,21.4035625
RIBOCENTAR Tetovo,5,9,Pet Shop,EMPTY,Tetovo 1220  North Macedonia,"2X4J+3M Tetovo, North Macedonia",,,8am-8pm,Closed,8am-8pm,8am-8pm,8am-8pm,8am-8pm,8am-8pm,,FALSE,42.0051875,20.9816875
Skopje City Mall,4.4,6917,Shopping Centre,"Local staple for shopping & dining, with multiple levels of name-brand stores, cafes & a cinema.",Ljubljanska 4  Skopje 1000  North Macedonia,293R+MM Skopje North Macedonia,skopjecitymall.mk,+389 2 321 7012,10am-10pm,10am-10pm,10am-10pm,10am-10pm,10am-10pm,10am-10pm,10am-10pm,https://lh5.googleusercontent.com/p/AF1QipN5FmQ27ZpCzQcDanmjuOTiM0uXag9pyzjN30HL=w426-h240-k-no,TRUE,42.0041875,21.3916875
City Fashion City Mall,5,5,Clothing Shop,   In-store pick-up,Ljubljanska 4 Skopje CITY MALL  1st floor  Skopje 1000  North Macedonia,293R+RP Skopje North Macedonia,,+389 2 305 1933,10am-10pm,10am-10pm,10am-10pm,10am-10pm,10am-10pm,10am-10pm,10am-10pm,https://lh5.googleusercontent.com/p/AF1QipPHb3w6avWj15ly54p8GPQHtEiTEYVA0DDdNtPk=w408-h271-k-no,TRUE,42.0045625,21.3918125
Ribocentar Skopje,4.7,61,Fishing shop,   In-store pick-up,Bukureshka 5  Skopje 1000  North Macedonia,X9XX+PR Skopje North Macedonia,ribocentar.com,+389 70 240 808,8am-4pm,Closed,8am-8pm,8am-8pm,8am-8pm,8am-8pm,8am-8pm,https://lh5.googleusercontent.com/p/AF1QipNUucwP-FZ16-83zhqL7jJidJCesnpcPZBsGIf3=w408-h306-k-no,TRUE,41.9993125,21.3995625
GANT,5,2,Clothing Shop,"Classic clothing & sportswear for men, women & children. Some stores sell watches & accessories.",Ljubljanska 4 Skopje City Mall  Skopje 1000  North Macedonia,293R+MV Skopje North Macedonia,fashionhouse.mk,+389 71 244 150,10am-10pm,10am-10pm,10am-10pm,10am-10pm,10am-10pm,10am-10pm,10am-10pm,,FALSE,42.0041875,21.3921875
Dambo Flower & Gifts,4.4,13,Florist,EMPTY,Blvd. Partizanski Odredi 153  Skopje 1000  North Macedonia,2959+5W Skopje North Macedonia,,+389 70 969 864,9:30am-9:30pm,9am-3pm,9:30am-9:30pm,9:30am-9:30pm,9:30am-9:30pm,9:30am-9:30pm,9:30am-9:30pm,https://lh5.googleusercontent.com/p/AF1QipMn2rxuV6XCM4UnhdKjmfVFzXZafHICN1B08LcF=w408-h730-k-no,TRUE,42.0079375,21.3698125
Loco Croco,4.4,99,Baby Clothing Shop,EMPTY,MK  Gjorche Petrov 19  Skopje 1000  North Macedonia,2947+HF Skopje North Macedonia,lococroco.com,+389 2 206 0888,9am-2pm,9am-2pm,10am-6pm,10am-6pm,10am-6pm,10am-6pm,10am-6pm,,FALSE,42.0064375,21.3636875
Fresh Market,,,Supermarket,"Upscale grocery store chain with an old-world vibe offers local produce, prepared eats, wine & more.",Skopje 1000  North Macedonia,294G+9F Skopje North Macedonia,,+389 78 479 131,7:30am-9:30pm,8am-2pm,7:30am-9:30pm,7:30am-9:30pm,7:30am-9:30pm,7:30am-9:30pm,7:30am-9:30pm,,FALSE,42.0059375,21.3761875
ZARA,4.3,314,Clothing Shop,"Spanish fashion chain offering on-trend house-brand clothing, shoes & accessories.       In-store pick-up",MK  Ljubljanska 4  1000  North Macedonia,293R+X6 Skopje North Macedonia,zara.com,+389 2 308 7901,10am-10pm,Closed,10am-10pm,10am-10pm,10am-10pm,10am-10pm,10am-10pm,,TRUE,42.0049375,21.3905625
Skechers,3.3,7,Shoe Shop,"Family footwear brand featuring athletic & casual shoes in a range of styles, plus apparel.",Ljubljanska 4  Skopje 1000 Skopje City Mall Vtor kat  Skopje 1000  North Macedonia,293R+X6 Skopje North Macedonia,skechers.com,+389 70 372 354,10am-10pm,10am-10pm,10am-10pm,10am-10pm,10am-10pm,10am-10pm,10am-10pm,,TRUE,42.0049375,21.3905625
P....S....fashion Skoplje,,,Clothing Shop,EMPTY,Skopje 1000  North Macedonia,293R+RJ Skopje North Macedonia,ps.rs,+389 2 307 0850,10am-10pm,Closed,9am-9pm,9am-9pm,10am-10pm,10am-10pm,10am-10pm,https://maps.gstatic.com/tactile/pane/default_geocode-1x.png,FALSE,42.0045625,21.3915625
Timberland SCM,4.2,29,Shop,"Retail chain offering stylish, rugged apparel, footwear & accessories for men, women & children.",Blvd. Partizanski Odredi  Skopje 1000  North Macedonia,293R+PP Skopje North Macedonia,timberland.co.uk,+389 71 227 109,10am-10pm,10am-10pm,10am-10pm,10am-10pm,10am-10pm,10am-10pm,10am-10pm,,FALSE,42.0043125,21.3918125
Bershka,4.2,36,Shoe Shop,EMPTY,MK  Ljubljanska 4  Skopje 1000  North Macedonia,293R+QG Skopje North Macedonia,bershka.com,+389 2 308 7912,10am-10pm,10am-10pm,10am-10pm,10am-10pm,10am-10pm,10am-10pm,10am-10pm,,TRUE,42.0044375,21.3913125
Pandora concept store,4.5,56,Jewellery Store,"Jewelry chain featuring a variety of necklaces, rings, customizable charm bracelets & more.",City Mall  Ljubljanska 4  Skopje 1000  North Macedonia,293R+PG Skopje North Macedonia,pandora.net,+389 70 523 501,10am-10pm,10am-10pm,10am-10pm,10am-10pm,10am-10pm,10am-10pm,10am-10pm,https://lh5.googleusercontent.com/p/AF1QipNV_KVad2rzX-fkrbupasb0gBzxwRujeF0-sz7T=w408-h544-k-no,TRUE,42.0043125,21.3913125
IQOS Zona,,,Tobacco shop,EMPTY,Ljubljanska 4 City Mall Skopje MK  1000  North Macedonia,293R+QM Skopje North Macedonia,mk.iqos.com,+389 75 275 965,10am-10pm,10am-10pm,10am-10pm,10am-10pm,10am-10pm,10am-10pm,10am-10pm,,FALSE,42.0044375,21.3916875
Tezenis,,,Clothing Shop,EMPTY,MK  Ljubljanska 4  Skopje 1000  North Macedonia,293R+X6 Skopje North Macedonia,tezenis.com,,Closed,Closed,10am-10pm,10am-10pm,10am-10pm,Closed,Closed,https://geo0.ggpht.com/cbk?panoid=cqgveDIuzS4_EoolgwGGcw&output=thumbnail&cb_client=search.gws-prod.gps&thumb=2&w=408&h=240&yaw=79.02997&pitch=0&thumbfov=100,FALSE,42.0049375,21.3905625
MANGO,5,1,Ladies' Clothes Shop,Fashion chain selling upscale womenswear & accessories (some carry men's apparel).,Ljubljanska 4 K.L 113 SKOPJE MK  1000  North Macedonia,293R+X6 Skopje North Macedonia,mango.com,+389 71 227 132,10am-10pm,10am-10pm,10am-10pm,10am-10pm,10am-10pm,10am-10pm,10am-10pm,,TRUE,42.0049375,21.3905625
Koton,4.6,14,Clothing Shop,EMPTY,City Mall AVM  Ljubljanska 4  Skopje 1000  North Macedonia,293R+QP Skopje North Macedonia,koton.com,+389 2 308 3322,,,,,,,,https://lh5.googleusercontent.com/p/AF1QipNy184f6oaBbn95U-G3g-XpQlg5TuxCAyCZYFDV=w408-h839-k-no,FALSE,42.0044375,21.3918125
Miniso,,,Homewares Shop,EMPTY,North Macedonia  Ljubljanska no 4  Skopje 1000,293R+RX Skopje North Macedonia,,,10am-10pm,10am-10pm,10am-10pm,10am-10pm,10am-10pm,10am-10pm,10am-10pm,,FALSE,42.0045625,21.3924375
Gorenje GA,4.4,93,Appliance Shop,EMPTY,Blvd. Partizanski Odredi 99  Skopje 1000  North Macedonia,292X+XC Skopje North Macedonia,gorenje.com.mk,+389 2 306 2199,10am-6pm,Closed,9am-9pm,9am-9pm,9am-9pm,9am-9pm,9am-9pm,https://lh5.googleusercontent.com/p/AF1QipPey16AkMCFGoylZeLKRQU7-itcknIZ3qG8jHGN=w426-h240-k-no,FALSE,42.0024375,21.3985625
Deksport Oaza,4.8,70,Aquarium,EMPTY,Skopje 1000  North Macedonia,X9XR+9X Skopje North Macedonia,deksport.com,+389 2 306 1512,10am-5pm,Closed,9am-8:30pm,9am-8:30pm,9am-8:30pm,9am-8:30pm,9am-8:30pm,https://lh5.googleusercontent.com/p/AF1QipNgEuss7wi-bVQu-vLhd2a4KpHrhVK9zrjwVTEs=w507-h240-k-no,FALSE,41.9984375,21.3924375
Bregli,4.6,9,Shops and Shopping,EMPTY,bul  Sv. Kiril i Metodij 50  Skopie 1000  North Macedonia,XCVG+7C Skopje North Macedonia,bregli.com.mk,+389 2 322 9109,10am-2pm,Closed,9am-5pm,9am-5pm,9am-5pm,9am-5pm,9am-5pm,,FALSE,41.9931875,21.4260625
United Colors of Benetton,,,Clothing Shop,"Fashion chain with own-brand casual & brightly colored apparel, plus accessories.",GRADSKI TRGOVASKI CENTAR LOKAL 016  PRIZEMJE MK  Skopje 1000  North Macedonia,XCVF+FJ Skopje North Macedonia,world.benetton.com,+389 2 311 3529,Closed,Closed,9pm-12am,9pm-12am,9pm-12am,9pm-12am,9pm-12am,,FALSE,41.9936875,21.4240625
Oriflame,,,Shop,EMPTY,Skopje 1000  North Macedonia,XCVG+75 Skopje North Macedonia,,,,,,,,,,,FALSE,41.9931875,21.4254375
IQOS Zona,,,Tobacco shop,EMPTY,Ramstore Mall  MK  Sv. Kiril i Metodij 13  Skopje 1000  North Macedonia,XCRG+MW Skopje North Macedonia,mk.iqos.com,+389 75 403 329,10am-10pm,10am-10pm,10am-10pm,10am-10pm,10am-10pm,10am-10pm,10am-10pm,https://lh5.googleusercontent.com/p/AF1QipNEil0bpLiBGz55WvmXO1lXhAAJ9qMWe0rdphOF=w408-h408-k-no,FALSE,41.9916875,21.4273125
Jumbo,4.4,2579,Toy Shop,EMPTY,Boulevard Kocho Racin  Skopje 1000  North Macedonia,XCVR+4Q Skopje North Macedonia,jumbo.gr,+389 2 321 6006,9am-10pm,10am-10pm,9am-10pm,9am-10pm,9am-10pm,9am-10pm,9am-10pm,https://lh5.googleusercontent.com/p/AF1QipN3IwKhP-AXMFbKUtqcymOG-QKWh1gM00c4apzl=w408-h306-k-no,FALSE,41.9928125,21.4419375
Weekend Max Mara,5,1,Ladies' Clothes Shop,"Italian designer offering stylish women's apparel, including outerwear, shoes & accessories.",Ss Cyril And Methodius  Street  13  Skopje 1000  North Macedonia,XCXM+3H Skopje North Macedonia,weekendmaxmara.com,+389 78 339 860,10am-10pm,10am-10pm,10am-10pm,10am-10pm,10am-10pm,10am-10pm,10am-10pm,,FALSE,41.9976875,21.4339375
Pandora,4.6,5,Clothing Shop,"Jewelry chain featuring a variety of necklaces, rings, customizable charm bracelets & more.",Macedonia  Skopje 1000  North Macedonia,XCVJ+X8 Skopje North Macedonia,pandora.net,+389 2 307 6333,8am-9pm,10am-5pm,8am-9pm,8am-9pm,8am-9pm,8am-9pm,8am-9pm,,FALSE,41.9949375,21.4308125
Jasmin fashion,,,Clothing Shop,EMPTY,Skopje 1000  North Macedonia,2C4R+28 Skopje North Macedonia,,,,,,,,,,https://geo2.ggpht.com/cbk?panoid=HpQt-cvwt3OhqO2CI3QhiQ&output=thumbnail&cb_client=search.gws-prod.gps&thumb=2&w=408&h=240&yaw=51.185547&pitch=0&thumbfov=100,FALSE,42.0050625,21.4408125
Loco Croco,4.5,183,Toy Shop,EMPTY,Narodni Heroi 2  Skopje 1000  North Macedonia,XCGQ+CM Skopje North Macedonia,lococroco.com,+389 2 277 8998,9am-9pm,9am-2pm,9am-9pm,9am-9pm,9am-9pm,9am-9pm,9am-9pm,https://lh5.googleusercontent.com/p/AF1QipOkfGdx_qDAmb8_vHIM8s_gbI4R4i1LUGUEFwJv=w408-h295-k-no,FALSE,41.9760625,21.4391875
MANGO,3.9,17,Ladies' Clothes Shop,Fashion chain selling upscale womenswear & accessories (some carry men's apparel).,Kej 13 TI  Noemvri K2/4 MK  Skopje 1000  North Macedonia,XCVM+WP Skopje North Macedonia,mango.com,+389 71 211 620,9am-5pm,Closed,9am-9pm,9am-9pm,9am-9pm,9am-9pm,9am-9pm,https://lh5.googleusercontent.com/p/AF1QipODBIdPAKBkViPMCNkQbYaZ_TuoTyyJZKfpa6tY=w408-h544-k-no,TRUE,41.9948125,21.4343125
Miniso,5,2,Homewares Shop,EMPTY,North MacedoniaSkopje 1000,XCWM+2H Skopje North Macedonia,,+389 70 281 346,10am-10pm,Closed,10am-10pm,10am-10pm,10am-10pm,10am-10pm,10am-10pm,https://lh5.googleusercontent.com/p/AF1QipP_i14sCYaxx5l17n0ZT__Y0xwe3aFR0oAPMqHP=w408-h306-k-no,FALSE,41.9950625,21.4339375
Krsh - Capitol Mall,2.7,7,Toy Shop,EMPTY,Boulevard Jane Sandanski  Skopje 1000  North Macedonia,XFP8+9H Skopje North Macedonia,krs.mk,+389 78 261 064,10am-10pm,10am-10pm,10am-10pm,10am-10pm,10am-10pm,10am-10pm,10am-10pm,https://geo1.ggpht.com/maps/photothumb/fd/v1?bpb=ChEKD3NlYXJjaC5nd3MtcHJvZBJhChIJX1SC34wVVBMRCXyzMDMPJGQaEgmRc0rA8hVUExEfoZ6YhgdbiyIrCa08ud-MFVQTEfsaz5aClxpUGhcLEJ61-0oaDgoML2cvMTJobDkzcGptDCoKDX2JBhkVT4LLDBoGCPABEJgD&gl=GB,TRUE,41.9859375,21.4664375
Atlantik Komerc,4.3,32,Homewares Shop,EMPTY, 1000  North Macedonia,XFQ2+J5 Skopje North Macedonia,atlantikfm.com.mk,+389 70 234 743,9am-9pm,9am-3pm,9am-9pm,9am-9pm,9am-9pm,9am-9pm,9am-9pm,https://lh5.googleusercontent.com/p/AF1QipPsrS30qsuwlr8zgyMiM-NDW1zb9zM-Xw8Cfu7M=w408-h544-k-no,FALSE,41.9890625,21.4504375
CITY MARKET,5,7,Supermarket,EMPTY,3rd Macedonian Brigade Blvd (lamela A) MK  1000  North Macedonia,XFJ5+2Q Skopje North Macedonia,,,7am-9:30pm,8am-4pm,7am-9:30pm,7am-9:30pm,7am-9:30pm,7am-9:30pm,7am-9:30pm,https://lh5.googleusercontent.com/p/AF1QipPjqQdvAhhg_23GBLq-qdqTDKwcPWMxmPQ_yX07=w408-h306-k-no,FALSE,41.9800625,21.4594375
Nivo Superior,5,7,Distribution Service,EMPTY,Blagoja Stefkovski 16  Skopje 1000  North Macedonia,2F2P+38 Skopje North Macedonia,nivosuperior.com,+389 75 614 067,Closed,Closed,8am-5pm,8am-5pm,8am-5pm,8am-5pm,8am-5pm,https://lh5.googleusercontent.com/p/AF1QipOdOGn7luVOxIo5q-T6BA2qRDVNBgW-QHCkzdON=w408-h306-k-no,TRUE,42.0001875,21.4858125
Koton,4.3,19,Clothing Shop,EMPTY,Capitol Mall  Av. Jane Sandanski 71a  Us. Airport  Skopje 1000  North Macedonia,XFP8+CJ Skopje North Macedonia,koton.com,+389 2 244 4502,10am-10pm,10am-10pm,10am-10pm,10am-10pm,10am-10pm,10am-10pm,10am-10pm,,FALSE,41.9860625,21.4665625
Gorenje Studio,4.9,40,Electronics Retail and Repair Shop,EMPTY,Boulevard Serbia  Skopje 1000  North Macedonia,XFJC+G8 Skopje North Macedonia,,+389 2 244 8880,10am-6pm,Closed,9am-9pm,9am-9pm,9am-9pm,9am-9pm,9am-9pm,,FALSE,41.9813125,21.4708125
Swanson,4,1,Shop,EMPTY,Skopje 1000  North Macedonia,XFQ7+98 Skopje North Macedonia,swanson.com.mk,+389 2 240 3311,,,,,,,,,FALSE,41.9884375,21.4633125
DIVAJN,5,1,Furniture maker,EMPTY,316  Boris Trajkovski  Skopje 1000  North Macedonia,WFVW+85 Skopje North Macedonia,divajn.com,+389 2 278 5904,Closed,Closed,8:30am-5pm,8:30am-5pm,8:30am-5pm,8:30am-5pm,8:30am-5pm,https://lh5.googleusercontent.com/p/AF1QipO1pImGTpa-wh98wDvLlt6lFBg-zLj3e7XRpFP3=w650-h240-k-no,TRUE,41.9433125,21.4954375
Loco Croco,,,Baby shop,EMPTY,MK  1000  North Macedonia,"WFRX+3G Drachevo, North Macedonia",lococroco.com,+389 75 301 803,,,,,,,,https://geo1.ggpht.com/cbk?panoid=tTp4gU-X0B5P5SLH1jQRHw&output=thumbnail&cb_client=search.gws-prod.gps&thumb=2&w=408&h=240&yaw=239.92024&pitch=0&thumbfov=100,FALSE,41.9401875,21.4988125
Rona,3,2,Hairdresser,EMPTY,Skopje 1000  North Macedonia,292R+33 Skopje North Macedonia,,,4am-8pm,Closed,4am-8pm,4am-8pm,4am-8pm,4am-8pm,4am-8pm,https://geo1.ggpht.com/cbk?panoid=TdDtM_o3Y47Lxrs330YYjw&output=thumbnail&cb_client=search.gws-prod.gps&thumb=2&w=408&h=240&yaw=101.96834&pitch=0&thumbfov=100,FALSE,42.0001875,21.3901875
MOBIKLINIK SERVICE MOBILNI / PC,5,121,Mobile phone repair shop,EMPTY,MK  Mile Popjordanov 37a  Skopje 1000  North Macedonia,XCV2+XP Skopje North Macedonia,apple.com,+389 76 677 277,10am-3pm,Closed,10am-8pm,10am-8pm,10am-8pm,10am-8pm,10am-8pm,https://lh5.googleusercontent.com/p/AF1QipNsdpmzW-la1431K_mnMLoauabmUU5RK3hONwJA=w425-h240-k-no,TRUE,41.9949375,21.4018125
PwC Macedonia,5,1,Financial audit,EMPTY,Bul. 8 Septemvri br.16  Hiperium Biznis  North Macedonia,2C44+CQ Skopje North Macedonia,pwc.com,+389 2 314 0900,,,,,,,,https://geo2.ggpht.com/cbk?panoid=iaDcwA5Mi_qA-pSJzqO-Vg&output=thumbnail&cb_client=search.gws-prod.gps&thumb=2&w=408&h=240&yaw=345.1524&pitch=0&thumbfov=100,FALSE,42.0060625,21.4069375
Gorenje,5,3,Business Centre,EMPTY,Boulevard 8-mi Septemvri  Skopje 1000  North Macedonia,2C44+HF Skopje North Macedonia,gorenje.com.mk,+389 2 308 8150,,,,,,,,https://geo2.ggpht.com/cbk?panoid=nl0i1oNAG9pjXrPqZ2DJTA&output=thumbnail&cb_client=search.gws-prod.gps&thumb=2&w=408&h=240&yaw=107.9679&pitch=0&thumbfov=100,FALSE,42.0064375,21.4061875
Vero Center Mall,4.4,4371,Shopping Centre,EMPTY,Skopje 1000  North Macedonia,XCVR+5J Skopje North Macedonia,vero.com.mk,+389 2 306 9916,8am-10pm,8am-10pm,8am-10pm,8am-10pm,8am-10pm,8am-10pm,8am-10pm,https://lh5.googleusercontent.com/p/AF1QipM3IvctsDOuM6TTeBLsB4w9E6pwL2t0pxJwTLjx=w426-h240-k-no,FALSE,41.9929375,21.4415625
Fresh Market,,,Supermarket,"Upscale grocery store chain with an old-world vibe offers local produce, prepared eats, wine & more.",R1206  Golema Rechitsa  North Macedonia,"XWMV+H7 Golema Rechitsa, North Macedonia",,,,,,,,,,https://maps.gstatic.com/tactile/pane/default_geocode-1x.png,FALSE,41.9839375,20.9431875
Miniso,,,Homewares Shop,EMPTY,North Macedonia  Tetovo  Skopski pat br.8,"2X4R+33 Tetovo, North Macedonia",,,10am-10pm,10am-10pm,10am-10pm,10am-10pm,10am-10pm,10am-10pm,10am-10pm,https://maps.gstatic.com/tactile/pane/default_geocode-1x.png,FALSE,42.0051875,20.9901875
"Pets ""N"" Things",4.7,33,Pet Shop,EMPTY,63 South Bridge St  Airdrie ML6 6JH,V299+3C Airdrie,,01236 770886,10am-2pm,Closed,10am-2pm,10am-2pm,10am-2pm,10am-2pm,10am-2pm,,TRUE,55.8676875,-3.9814375
Mango,4.1,8,Supermarket,Fashion chain selling upscale womenswear & accessories (some carry men's apparel).,Marsal Tito  Chegrane 1237  North Macedonia,"RXPF+V4 Chegrane, North Macedonia",,,7-11am,7-11am,7-11am,7-11am,7-11am,7-11am,7-11am,,FALSE,41.8371875,20.9728125
Nixon W & Sons,4.7,16,Pet Shop,EMPTY,5 Bank St  Carlisle CA3 8HG,V3V8+G4 Carlisle,,01228 522900,9:30am-5pm,11am-4pm,9:30am-5pm,9:30am-5pm,9:30am-5pm,9:30am-5pm,9:30am-5pm,https://lh5.googleusercontent.com/p/AF1QipPOKKOfa6UKftrSXROtO9wPoT5iTIVA19NwI1v-=w408-h306-k-no,FALSE,54.8938125,-2.9346875
Pets at Home Newton Mearns,4.4,113,Pet Shop,"One-stop shop for pet food, toys, equipment and insurance, plus small animals, fish and reptiles.       In-store pick-up",Greenlaw Village  1  Greenlaw Dr  Glasgow G77 6GW,"QMM2+2J Newton Mearns, Glasgow",community.petsathome.com,0345 266 0145,9am-7pm,10am-6pm,9am-6pm,9am-6pm,9am-6pm,9am-6pm,9am-6pm,https://lh5.googleusercontent.com/p/AF1QipPN9lEoExix4YsNYjHx-QHTn6wXFhVinSe6sQCd=w408-h272-k-no,FALSE,55.7825625,-4.3484375
Pets at Home Dumfries,4.4,216,Pet Shop,"One-stop shop for pet food, toys, equipment and insurance, plus small animals, fish and reptiles.       In-store pick-up",3  The Peel Centre  Dumfries DG1 3PF,3CF8+C4 Dumfries,community.petsathome.com,01387 263024,9am-7pm,11am-5pm,9am-6pm,9am-6pm,9am-6pm,9am-6pm,9am-6pm,,FALSE,55.0735625,-3.5846875
The Pet Shop,4.7,168,Pet Shop,   In-store shopping     In-store pick-up     Delivery,Houstoun Court  3 & 4 Houstoun Square  Johnstone PA5 8DL,RFPP+8W Johnstone,the-petshop.co.uk,01505 327722,9am-5:30pm,Closed,9am-5:30pm,9am-5:30pm,9am-5:30pm,9am-5:30pm,9am-5:30pm,https://lh5.googleusercontent.com/p/AF1QipNOnH5YznK-SX33xPg8Edj1CuQ4Nz1g2GgvYEUi=w408-h305-k-no,TRUE,55.8358125,-4.5126875
K9Active.co.uk,4.9,44,Pet Shop,   In-store shopping     Curbside pickup,The Old Fire Station  Castle Rd  Rosyth  Dunfermline KY11 2ED,2HJF+W9 Dunfermline,k9active.co.uk,01383 624127,10:30am-5pm,12-4pm,9am-5pm,9am-5pm,9am-5pm,9am-5pm,9am-5pm,,TRUE,56.0323125,-3.4265625
Pets at Home Dunfermline,4.3,557,Pet Shop,"One-stop shop for pet food, toys, equipment and insurance, plus small animals, fish and reptiles.       In-store pick-up",Halbeath Retail Park  Halbeath Rd  Dunfermline KY11 4LP,3HJV+M5 Dunfermline,community.petsathome.com,0345 266 8882,9am-7pm,10am-6pm,9am-8pm,9am-8pm,9am-8pm,9am-8pm,9am-8pm,,FALSE,56.0816875,-3.4070625
Olympia Pets,4.6,100,Pet Shop,EMPTY,8 Righead gate  East Kilbride  Glasgow G74 1LS,"QR6C+8G East Kilbride, Glasgow",olympiapets.weebly.com,01355 458857,9:30am-5:30pm,12-5pm,9:30am-5:30pm,9:30am-5:30pm,9:30am-5:30pm,9:30am-5:30pm,9:30am-5:30pm,,FALSE,55.7608125,-4.1786875
Pets At Home Lanark,4.3,110,Pet Shop,"One-stop shop for pet food, toys, equipment and insurance, plus small animals, fish and reptiles.       In-store pick-up",Braidfute Retail Park  8  Old Market Rd  Lanark ML11 7LQ,M6CJ+HV Lanark,community.petsathome.com,0845 266 1281,9am-7pm,10am-6pm,9am-8pm,9am-8pm,9am-8pm,9am-8pm,9am-8pm,https://lh5.googleusercontent.com/p/AF1QipPnBz29Vr6kJewBjjJHiDEI3tGpc9uaMa2V1uB5=w408-h544-k-no,FALSE,55.6714375,-3.7678125
Pets Corner,4.5,148,Pet Shop,   In-store shopping     Curbside pickup     Delivery,Bluesky House  Western Way  Melksham SN12 8BZ,9VH3+3X Melksham,petscorner.co.uk,01225 704740,9am-6pm,10am-4pm,9am-6pm,9am-6pm,9am-6pm,9am-6pm,9am-6pm,https://lh5.googleusercontent.com/p/AF1QipPnIwplRXDRndcm-e73huST2A3gtAY1JI2YvFzv=w422-h240-k-no,FALSE,51.3776875,-2.1450625
All 4 Pets,4.7,69,Pet Shop,EMPTY,4 Stuart St  East Kilbride  Glasgow G74 4NG,"QR8G+37 East Kilbride, Glasgow",all4pets.co,01355 224592,9am-5pm,Closed,9am-5pm,9am-5pm,9am-5pm,9am-5pm,9am-5pm,,TRUE,55.7651875,-4.1743125
Creature Comforts,4.6,138,Pet Shop,"Pet accessories store selling bedding, carriers and food, with a boarding service for small animals.",25 Eaglesham Rd  Clarkston  Glasgow G76 7DH,"QPMF+MX Clarkston, Glasgow",creaturecomfortsweb.co.uk,0141 644 5030,9am-5:30pm,12-4pm,9am-5:30pm,9am-5:30pm,9am-5:30pm,9am-5:30pm,9am-5:30pm,,FALSE,55.7841875,-4.2750625
Hill Lord & Co Pet Shop,4.8,73,Pet Shop,EMPTY,35 Bruntsfield Pl  Edinburgh EH10 4HJ,WQQW+P3 Edinburgh,hill-lord.co.uk,0131 229 6655,9:30am-4:45pm,Closed,9:30am-5:45pm,9:30am-5:45pm,9:30am-4:45pm,9:30am-5:45pm,9:30am-5:45pm,https://lh5.googleusercontent.com/p/AF1QipM0JDPPhKvPvDhwFvPPA3jkN-NRUZZsRqZhXPpq=w426-h240-k-no,TRUE,55.9393125,-3.2048125
Perfect Pets Quality Pet Supplies,4.8,4,Pet Care Store,,489 Main St  Coatbridge ML5 3RD,VX6V+7M Coatbridge,,01236 424585,9am-5:30pm,Closed,9am-7pm,9am-5:30pm,9am-5:30pm,9am-7pm,9am-5:30pm,https://geo0.ggpht.com/cbk?panoid=4FPjC3LT2Fs_OB8P4FRwgw&output=thumbnail&cb_client=search.gws-prod.gps&thumb=2&w=408&h=240&yaw=327.71075&pitch=0&thumbfov=100,FALSE,55.8606875,-4.0058125
The Pet Shop,4.2,117,Pet Shop,,226 High St  Kirkcaldy KY1 1JT,4R6V+P4 Kirkcaldy,thepetshoponline.com,01592 264613,9am-4pm,Closed,9am-5pm,9am-5pm,9am-5pm,9am-5pm,9am-5pm,https://lh5.googleusercontent.com/p/AF1QipMSmYLEyeN31pIaTTQPpjjzz27K8Pvv3aS53HJ_=w408-h723-k-no,TRUE,56.1118125,-3.1571875
Maggies Pet Store - Stockport,4.9,63,Pet Shop,,312C Buxton Rd  Stockport SK2 7DD,9VQ7+F4 Stockport,maggiespetstore.co.uk,0161 483 8194,9am-5pm,Closed,9am-5pm,9am-5pm,9am-5pm,9am-5pm,9am-5pm,,TRUE,53.3886875,-2.1371875
Dixie Doodles Pet Shop | Bridge of Allan,,,Pet Shop,,18 Henderson St  Bridge of Allan  Stirling FK9 4HP,5342+45 Bridge of Allan,dixiedoodles.co.uk,01786 595001,10am-5pm,11am-3pm,10am-4pm,10am-4pm,10am-5pm,10am-5pm,10am-5pm,,TRUE,56.1553125,-3.9495625
Dofos Pet Center & Dog Grooming,4.9,24,Pet Shop,,119 Comiston Rd  Edinburgh EH10 6AQ,WQCQ+QH Edinburgh,dofos.co.uk,0131 557 4666,9am-5pm,Closed,9am-5pm,9am-5pm,9am-5pm,9am-5pm,9am-5pm,https://lh5.googleusercontent.com/p/AF1QipM6SfGrImvEEWUiZNZaxrdcuM-7yImJUrfGTQwu=w408-h544-k-no,FALSE,55.9219375,-3.2110625
Pets at Home Galashiels,4.3,223,Pet Shop,"One-stop shop for pet food, toys, equipment and insurance, plus small animals, fish and reptiles.       In-store pick-up",Gala Water Retail Park  Huddersfield St  Galashiels TD1 3AP,J57X+C5 Galashiels,community.petsathome.com,01896 759966,9am-7pm,10am-6pm,9am-6pm,9am-6pm,9am-6pm,9am-6pm,9am-6pm,https://lh5.googleusercontent.com/p/AF1QipMajNLaDg4BLWIB4vrzIQt6fZ-WIqfl5zLzy04j=w408-h544-k-no,FALSE,55.6135625,-2.8020625
Thomas Hays Pet Store,3.2,87,Pet Shop,,2 Osborne St  Glasgow G1 5QN,VQ44+C2 Glasgow,,0141 552 3170,10am-5pm,11am-5pm,10am-5pm,10am-5pm,10am-5pm,10am-5pm,10am-5pm,https://lh5.googleusercontent.com/p/AF1QipN_PZ-il1d-rpsbD9TTmldr81GfZ20yVHrQf88g=w408-h306-k-no,TRUE,55.8560625,-4.2449375
Pets at Home Wishaw,4.2,421,Pet Shop,"One-stop shop for pet food, toys, equipment and insurance, plus small animals, fish and reptiles.       In-store pick-up",Caledonian Retail Park  Glasgow Rd  Wishaw ML2 7SN,Q3G2+6V Wishaw,community.petsathome.com,01698 375700,9am-7pm,10am-6pm,9am-8pm,9am-8pm,9am-8pm,9am-8pm,9am-8pm,,FALSE,55.7755625,-3.9478125
Cru Specialist Pet Shop,4.6,28,Pet Shop,,534 Great Western Rd  Glasgow G12 8EL,VPG8+9P Glasgow,crupetshop.co.uk,0141 387 9077,10am-4pm,Closed,10am-4pm,10am-4pm,10am-4pm,Closed,10am-4pm,,TRUE,55.8759375,-4.2831875
Jollyes - The Pet Superstore Clydebank,4.4,361,Pet Shop,,Unit 4  Clyde Retail Park  79 Livingstone St  Clydebank G81 2XA,WJ33+GG Clydebank,jollyes.co.uk,0141 952 6972,9am-5pm,10am-6pm,9am-6pm,9am-6pm,9am-6pm,9am-6pm,9am-6pm,,FALSE,55.9038125,-4.3961875
Pets at Home Corstophine,4.3,686,Pet Shop,"One-stop shop for pet food, toys, equipment and insurance, plus small animals, fish and reptiles.       In-store pick-up",1-17 Glasgow Rd  Corstorphine  Edinburgh EH12 7UF,WPR4+J3 Edinburgh,community.petsathome.com,0345 850 9654,,,,,,,,https://lh5.googleusercontent.com/p/AF1QipPuYNsbzGb8w3sc37Qi-L9jWIQfqD_V8x5qwZsP=w408-h544-k-no,FALSE,55.9415625,-3.2948125
Pets at Home Livingston,4.3,911,Pet Shop,"One-stop shop for pet food, toys, equipment and insurance, plus small animals, fish and reptiles.       In-store pick-up",4  Almondvale Retail Park  Almondvale S  Boulevard  Livingston EH54 6QX,VFJH+63 Livingston,community.petsathome.com,0345 600 9473,,,,,,,,,FALSE,55.8805625,-3.5223125
Dixie Doodles Pet Shop | Stirling,4.9,50,Pet Shop,,Unit 3  1 Cunningham Rd  Springkerse Industrial Estate  Stirling FK7 7SW,438M+H5 Stirling,dixiedoodles.co.uk,01786 595001,10am-4pm,Closed,11am-5pm,11am-5pm,11am-5pm,11am-5pm,11am-5pm,,TRUE,56.1164375,-3.9170625
Arcade Pet Stores,5,3,Pet Shop,,16  Devonshire Arcade  Devonshire St  Penrith CA11 7SX,M67X+M5 Penrith,,01768 863809,9:30am-3pm,Closed,Closed,9:30am-3pm,9:30am-3pm,9:30am-3pm,9:30am-3pm,https://lh5.googleusercontent.com/p/AF1QipM0uhvnVvYSaFh4PSRQwTnw5gkRzrdCECxwUM8B=w408-h408-k-no,TRUE,54.6641875,-2.7520625
The Fin Room,4.6,101,Pet Shop,   In-store shopping     Curbside pickup     Delivery,Unit 4  58-60 Albert St  Motherwell ML1 1PR,Q2V9+2J Motherwell,thefinroom.com,07446 255157,11am-4:30pm,12-4pm,11am-4:30pm,11am-4:30pm,11am-4:30pm,11am-4:30pm,11am-4:30pm,https://lh5.googleusercontent.com/p/AF1QipPSXPs5nk0VPZpILnSB1eaE3wTv6gl2hfZZ31Zj=w408-h306-k-no,TRUE,55.7925625,-3.9809375
Pets Corner,4.5,153,Pet Shop,   In-store shopping     Curbside pickup     Delivery,24 High St  Harrogate HG2 7HY,XFXX+7W Harrogate,petscorner.co.uk,01423 881147,9am-6pm,10:30am-4:30pm,9am-6pm,9am-6pm,9am-6pm,9am-6pm,9am-6pm,https://lh5.googleusercontent.com/p/AF1QipPvh5ZA6poZ7nrw0vCd94rQYjpcyCy_rEFFY15E=w426-h240-k-no,FALSE,53.9981875,-1.5001875
Pets at Home Hamilton,4.4,650,Pet Shop,"One-stop shop for pet food, toys, equipment and insurance, plus small animals, fish and reptiles.       In-store pick-up",Palace grounds retail park  6 Palace Grounds Rd  Hamilton ML3 6AD,QXHF+GC Hamilton,community.petsathome.com,0345 266 6576,9am-7pm,10am-6pm,9am-8pm,9am-8pm,9am-8pm,9am-8pm,9am-8pm,https://lh5.googleusercontent.com/p/AF1QipPBa2B2DZU52rGEtgt_l4vSVa8D2W0LqFzpRKcD=w426-h240-k-no,FALSE,,
Capital Pets,4.8,28,Pet Shop,,134 Easter Rd  Edinburgh EH7 5RJ,XR5H+WC Edinburgh,,0131 661 8011,9am-4:30pm,Closed,9am-5:30pm,9am-5:30pm,Closed,9am-5:30pm,9am-5:30pm,https://geo3.ggpht.com/cbk?panoid=FbnFavIdbmyPi5fgig1mhQ&output=thumbnail&cb_client=search.gws-prod.gps&thumb=2&w=408&h=240&yaw=93.69207&pitch=0&thumbfov=100,FALSE,55.9598125,-3.1714375
Pets at Home Coatbridge,4.4,475,Pet Shop,"One-stop shop for pet food, toys, equipment and insurance, plus small animals, fish and reptiles.       In-store pick-up",Unit 9  Faraday Retail Park  Coatbank St  Glasgow  Coatbridge ML5 3SQ,VX5G+7J Coatbridge,community.petsathome.com,01236 440242,9am-7pm,10am-6pm,9am-8pm,9am-8pm,9am-8pm,9am-8pm,9am-8pm,,FALSE,55.8581875,-4.0234375
Stell's Famous Pet Store,4.6,93,Pet Shop,,Norfolk St  Colne BB8 9JH,VR5P+Q6 Colne,,01282 864299,8:30am-5:30pm,10am-3pm,8:30am-5:30pm,8:30am-4:30pm,8:30am-5:30pm,8:30am-5:30pm,8:30am-5:30pm,https://lh5.googleusercontent.com/p/AF1QipPbCEgRJXVSvuaSXZoUZp_1FKQipzn2xmDBczRl=w425-h240-k-no,TRUE,53.8594375,-2.1644375
Pets at Home Glasgow Pollokshaws,4.5,322,Pet Shop,"One-stop shop for pet food, toys, equipment and insurance, plus small animals, fish and reptiles.       In-store pick-up",Unit 4  Auldhouse Retail Park  Cogan St  Pollokshaws  Glasgow G43 1AP,RPC3+8C Glasgow,community.petsathome.com,0345 850 9949,9am-7pm,10am-6pm,9am-8pm,9am-8pm,9am-8pm,9am-8pm,9am-8pm,https://lh5.googleusercontent.com/p/AF1QipNz33PyJrZHmQrh0PZaNABSunPO8nIZwCpa77Ej=w408-h272-k-no,FALSE,55.8208125,-4.2964375
Just Dogs,4.8,104,Pet Shop,"Retailer for natural dog foods, accessories and supplies, also offering training and health advice.",14 Deanhaugh St  Stockbridge  Edinburgh EH4 1LY,XQ5R+77 Edinburgh,justdogsshop.co.uk,0131 332 0899,10am-5pm,Closed,Closed,10am-5:30pm,10am-5:30pm,10am-6pm,10am-5:30pm,https://lh5.googleusercontent.com/p/AF1QipN2lu8siCe8GhB2yhtKWtf-V6jo0oshQGH8p54w=w408-h544-k-no,TRUE,55.9581875,-3.2093125
Bishopbriggs Pet & Aquatic Centre Ltd,4.7,128,Pet Shop,"Pet shop selling animals and reptiles, birds and fish, with pet care advice, food and accessories.",Huntershill Village  100 Crowhill Rd  Bishopbriggs  Glasgow G64 1RP,"VQXF+M9 Bishopbriggs, Glasgow",bishopbriggspets.co.uk,0141 772 0001,10am-4pm,12-4pm,10am-4pm,10am-4pm,10am-4pm,10am-4pm,10am-4pm,https://lh5.googleusercontent.com/p/AF1QipNxmwQ3Y1Efmk2ficptK4tixncYi5VQb2PslwDf=w408-h306-k-no,TRUE,55.8991875,-4.2265625
Pets at Home Fort Kinnaird,4.4,1344,Pet Shop,"One-stop shop for pet food, toys, equipment and insurance, plus small animals, fish and reptiles.       Curbside pickup     Delivery",Fort Kinnaird Retail Park  Newcraighall Rd  Edinburgh  Fort Kinnaird EH15 3RD,WVMX+C8 Musselburgh,community.petsathome.com,0345 600 9411,9am-7pm,10am-6pm,9am-8pm,9am-8pm,9am-8pm,9am-8pm,9am-8pm,,FALSE,55.9335625,-3.1016875
Country Feeds Pet Supplies & Pet Parlour,4.7,38,Pet Shop,,Westbourne Centre  Kelburn St  Barrhead  Glasgow G78 1LR,QJX2+77 Barrhead,countryfeedspetshop.com,0141 881 2992,9:30am-5:30pm,10:30am-4:30pm,9:30am-5:30pm,9:30am-5:30pm,9:30am-5:30pm,9:30am-5:30pm,9:30am-5:30pm,,TRUE,55.7981875,-4.3993125
Pets at Home Craigleith,4.4,511,Pet Shop,"One-stop shop for pet food, toys, equipment and insurance, plus small animals, fish and reptiles.       In-store pick-up",Craigleith Retail Park  S Groathill Ave  Craigleith EH4 2LN,XQ55+HR Edinburgh,community.petsathome.com,0345 266 7623,9am-7pm,10am-6pm,9am-8pm,9am-8pm,9am-8pm,9am-8pm,9am-8pm,,FALSE,55.9589375,-3.2404375
Pets at Home Pentland,4.3,804,Pet Shop,"One-stop shop for pet food, toys, equipment and insurance, plus small animals, fish and reptiles.       In-store pick-up",Unit B Straiton Mains  Fountain Pl  Loanhead EH20 9PW,VRPQ+F4 Loanhead,community.petsathome.com,0345 600 9694,9am-7pm,10am-6pm,9am-8pm,9am-8pm,9am-8pm,9am-8pm,9am-8pm,,FALSE,55.8861875,-3.1621875
Pets at Home Linlithgow,4.4,213,Pet Shop,"One-stop shop for pet food, toys, equipment and insurance, plus small animals, fish and reptiles.       In-store pick-up",Unit 3  Home Stockbridge Retail Park  Falkirk Rd  Linlithgow EH49 7AS,X9GG+2P Linlithgow,community.petsathome.com,0345 850 8868,9am-7pm,10am-5pm,9am-6pm,9am-6pm,9am-6pm,9am-6pm,9am-6pm,https://lh5.googleusercontent.com/p/AF1QipONJnPkt8ATeUzTImXWHUc1njj3hHH0jde7pyP_=w408-h408-k-no,FALSE,55.9750625,-3.6231875
Pets at Home Cumbernauld,4.4,415,Pet Shop,"One-stop shop for pet food, toys, equipment and insurance, plus small animals, fish and reptiles.       In-store pick-up",Unit 1 Cumbernauld Retail Park  Westfield Rd  Cumbernauld G68 9NE,"WXV8+7F Cumbernauld, Glasgow",community.petsathome.com,0845 266 1119,9am-7pm,10am-6pm,9am-8pm,9am-8pm,9am-8pm,9am-8pm,9am-8pm,,FALSE,55.9431875,-4.0338125
Pets Corner,4.4,100,Pet Shop,   In-store shopping     Curbside pickup     Delivery,Unit 1  Latchford House  Latchford East  Warrington WA4 1LW,9CJQ+J9 Warrington,petscorner.co.uk,01925 636115,9am-6pm,10am-4pm,9am-6pm,9am-6pm,9am-6pm,9am-6pm,9am-6pm,https://lh5.googleusercontent.com/p/AF1QipPmdpB6Iz_ZhjKMpnepbGRiPXmb6QzZ9JvHYww5=w408-h309-k-no,FALSE,53.3815625,-2.5615625
Pets at Home East Kilbride,4.5,250,Pet Shop,"One-stop shop for pet food, toys, equipment and insurance, plus small animals, fish and reptiles.       In-store pick-up",Unit 3 Howard Ave  Nerston Industrial Estate  East Kilbride  Glasgow G74 4ZA,"QRHM+MP East Kilbride, Glasgow",petsathome.com,0345 266 7760,9am-7pm,10am-6pm,9am-8pm,9am-8pm,9am-8pm,9am-8pm,9am-8pm,,FALSE,55.7791875,-4.1656875
Scales 'n' Stuff,4.8,13,Pet Shop,,39 Galloway St  Dumfries DG2 7TN,399J+C9 Dumfries,,07593 558331,11am-5pm,Closed,10am-6pm,10am-6pm,10am-6pm,10am-6pm,10am-6pm,https://geo1.ggpht.com/cbk?panoid=J4e-j-EPEg9YxNwX721MHg&output=thumbnail&cb_client=search.gws-prod.gps&thumb=2&w=408&h=240&yaw=4.9162555&pitch=0&thumbfov=100,FALSE,55.0685625,-3.6190625
Pets at Home Glasgow,4.4,1107,Pet Shop,"One-stop shop for pet food, toys, equipment and insurance, plus small animals, fish and reptiles.       In-store pick-up",FORGE RETAIL PARK  13  The  71 Biggar St  Glasgow G31 4BH,VQ4V+47 Glasgow,community.petsathome.com,0345 600 1768,,,,,,,,,FALSE,55.8553125,-4.2068125
Pets at Home Carlisle,4.5,399,Pet Shop,"One-stop shop for pet food, toys, equipment and insurance, plus small animals, fish and reptiles.       In-store pick-up",Unit 1  London Road Retail Park  London Rd  Carlisle CA1 2PD,V3MM+PQ Carlisle,community.petsathome.com,01228 533601,9am-7pm,10am-4pm,9am-8pm,9am-8pm,9am-8pm,9am-8pm,9am-8pm,,FALSE,54.8843125,-2.9155625
Watsons Pet Shop,4.6,44,Pet Care Store,,23 Fisher St  Workington CA14 2EP,JCVX+X4 Workington,,01900 603684,9:30am-5pm,Closed,9:30am-5pm,9:30am-5pm,Closed,9:30am-5pm,9:30am-5pm,https://lh5.googleusercontent.com/p/AF1QipOvfEu8_6uII0uDgrGSCMyHGkBmHz8doU5zyCyM=w507-h240-k-no,FALSE,54.6449375,-3.5521875
Hala Pet Stores,4.8,56,Pet Shop,,10 Lentworth House  Lentworth Dr  Lancaster LA1 4RQ,26H5+26 Lancaster,halapetstoresonline.co.uk,01524 847434,9am-5pm,Closed,9am-5pm,9am-5pm,9am-5pm,9am-5pm,9am-5pm,https://lh5.googleusercontent.com/p/AF1QipMEWC_yxsrOGjRzijweYasqBsmY_WWPG4jKyiLf=w426-h240-k-no,TRUE,54.0275625,-2.7919375
Pets Corner,4.5,101,Pet Shop,   In-store shopping     Curbside pickup     Delivery,Grundisburgh Road Dobbies Garden Centre  Woodbridge IP13 6HX,37WW+6G Woodbridge,petscorner.co.uk,01394 615625,9am-5pm,10:30am-4:30pm,9am-5pm,9am-5pm,9am-5pm,9am-5pm,9am-5pm,,FALSE,52.0955625,1.2963125
Pets at Home Kirkcaldy,4.3,853,Pet Shop,"One-stop shop for pet food, toys, equipment and insurance, plus small animals, fish and reptiles.       In-store pick-up",Unit 3  Fife Central Retail Park  Chapel Level  Kirkcaldy KY2 6QL,4QPX+3X Kirkcaldy,community.petsathome.com,0345 600 9479,9am-7pm,10am-6pm,9am-6pm,9am-6pm,9am-6pm,9am-6pm,9am-6pm,,FALSE,56.1351875,-3.2000625
Pets at Home Falkirk,4.3,294,Pet Shop,"One-stop shop for pet food, toys, equipment and insurance, plus small animals, fish and reptiles.       In-store pick-up",15 Grahams Rd  Falkirk FK1 1LD,2638+7M Falkirk,community.petsathome.com,01324 612455,9am-7pm,10am-5pm,9am-8pm,9am-8pm,9am-8pm,9am-8pm,9am-8pm,https://lh5.googleusercontent.com/p/AF1QipN8eeEvwePJcF_LOQCuQLKCf18T6KOzQbDRO9w=w408-h544-k-no,FALSE,56.0031875,-3.7833125
Smooches Pooches Ltd.,5,19,Pet Shop,,28 Bruntsfield Pl  Edinburgh EH10 4HJ,WQQW+R3 Edinburgh,smoochespooches.net,0131 478 3268,10am-5pm,11am-4pm,Closed,10am-6pm,10am-6pm,10am-6pm,10am-6pm,,TRUE,55.9395625,-3.2048125
PamPurred Pets,4.8,53,Pet Shop,"Retail chain supplying care products for family pets, plus an animal advice service.       In-store shopping     Curbside pickup     Delivery",27 High St  Hythe  Southampton SO45 6AG,VJC2+3J Southampton,petscorner.co.uk,023 8084 9140,9am-5:30pm,10am-4pm,9am-5:30pm,9am-5:30pm,9am-5:30pm,9am-5:30pm,9am-5:30pm,,FALSE,50.8701875,-1.3984375
The Pet Shop,4.5,24,Pet Shop,,59 George St  Dunoon PA23 8BW,X32G+P5 Dunoon,,01369 706815,"9am-1pm, 2-5pm",Closed,"9am-1pm, 2-5:30pm","9am-1pm, 2-5:30pm","9am-1pm, 2-5:30pm","9am-1pm, 2-5:30pm","9am-1pm, 2-5:30pm",,TRUE,55.9518125,-4.9245625
Pets Corner,4.6,198,Pet Shop,   In-store shopping     Curbside pickup     Delivery,Unit 2  Retail Park  High St  Gosport PO12 1SP,QVVF+VH Gosport,petscorner.co.uk,023 9252 4669,9am-6pm,10am-4pm,9am-6pm,9am-6pm,9am-6pm,9am-6pm,9am-6pm,https://lh5.googleusercontent.com/p/AF1QipOR4oQYiMCByqxwOYm2UoVJikSj8E-kM1fl8Fvd=w426-h240-k-no,FALSE,50.7946875,-1.1260625
Mark's Pet Shop,4.7,73,Pet Care Store,,41 Poulton Rd  Fleetwood FY7 6TB,WXCJ+FM Fleetwood,,01253 874076,9am-5pm,Closed,9am-5pm,9am-5pm,9am-5pm,9am-5pm,9am-5pm,,FALSE,53.9211875,-3.0183125
Abnoba Pet Store,4.4,5,Pet Shop,,Unit 14 North Street Trading Estate  Brierley Hill DY5 3QF,FVHC+QH Brierley Hill,abnobapetstore.co.uk,01384 834742,Closed,Closed,9am-2pm,9am-2pm,9am-2pm,9am-2pm,9am-12pm,,FALSE,52.4794375,-2.1285625
Neongecko,4.4,100,Pet Shop,,237 London Rd  Glasgow G40 1PE,VQ37+G3 Glasgow,neongeckoonline.co.uk,0141 552 1252,11am-5pm,Closed,11am-5pm,12-5pm,11am-5pm,11am-5pm,11am-5pm,https://lh5.googleusercontent.com/p/AF1QipO7TjPyjiaZQEyfJdgBtiQOP55-nhNHieTo4f3u=w408-h306-k-no,TRUE,55.8538125,-4.2373125
Pets at Home Workington,4.5,221,Pet Shop,"One-stop shop for pet food, toys, equipment and insurance, plus small animals, fish and reptiles.       In-store pick-up",Derwent Drive Retail Park  Derwent Dr  Workington CA14 3YW,JCRP+G7 Workington,community.petsathome.com,01900 68455,9am-7pm,10am-4pm,9am-8pm,9am-8pm,9am-8pm,9am-8pm,9am-8pm,https://lh5.googleusercontent.com/p/AF1QipPwIw1pow-NOr7NItEniQnGFwF7YiqBI__0iOv8=w507-h240-k-no,FALSE,54.6413125,-3.5643125
Pets Corner,4.5,163,Pet Shop,   In-store shopping     Curbside pickup     Delivery,Garden Centre  Cambridge Rd  Hitchin SG4 0JT,XQ73+4J Hitchin,petscorner.co.uk,01462 422141,9am-5:30pm,10:30am-4:30pm,9am-5:30pm,9am-5:30pm,9am-5:30pm,9am-5:30pm,9am-5:30pm,https://lh5.googleusercontent.com/p/AF1QipM8siO_qmVMJ8iyg4Ur7Tu8gWy53EJ3MMuuDF_p=w422-h240-k-no,FALSE,51.9628125,-0.2459375
Pets Corner,4.6,125,Pet Shop,   In-store shopping     Curbside pickup     Delivery,5 Darby's Lane  Poole BH15 3ER,P2JF+CC Poole,petscorner.co.uk,01202 674408,9am-6pm,10am-4pm,9am-6pm,9am-6pm,9am-6pm,9am-6pm,9am-6pm,https://lh5.googleusercontent.com/p/AF1QipNBjBxDMMc-I0V6HI0AeLOcF3H2mkVFAHEvyPxt=w426-h240-k-no,FALSE,,
Sunderlands Pets & Aquatics - tropical fish - cold water fish & keys cut.,4.1,166,Pet Shop,,1291 Ashton Old Rd  Openshaw  Manchester M11 1JS,FRFP+5J Manchester,sunderlandspetstore.co.uk,0161 370 1474,11am-5pm,Closed,11am-5pm,11am-5pm,11am-5pm,11am-5pm,11am-5pm,https://lh5.googleusercontent.com/p/AF1QipOj_XyM127xvZTIvgzmVyp_n8rSj9Ma9kj3GkNK=w408-h839-k-no,TRUE,53.4729375,-2.1634375
Superpet Warehouse,4.7,349,Pet Shop,,Ribbleton Pl  Preston PR1 5AT,Q878+G5 Preston,superpetwarehouse.co.uk,01772 791900,9am-5pm,11am-4pm,9am-5:30pm,9am-5:30pm,9am-5:30pm,9am-5:30pm,9am-5:30pm,https://lh5.googleusercontent.com/p/AF1QipPVSyETKdFVN2WxjAsMULplevp074jde_D8JQ7H=w408-h306-k-no,TRUE,53.7638125,-2.6845625
Pets at Home Abbotsinch,4.3,300,Pet Shop,"One-stop shop for pet food, toys, equipment and insurance, plus small animals, fish and reptiles.       In-store pick-up",Abbotsinch Retail Park  Washington Rd  Paisley PA3 4EP,VH6M+G3 Paisley,community.petsathome.com,0345 600 9176,9am-7pm,10am-5pm,9am-8pm,9am-8pm,9am-8pm,9am-8pm,9am-8pm,https://lh5.googleusercontent.com/p/AF1QipOLXuALWQDGi4e8E6357GFgUxLlOTzJTWQp567b=w408-h725-k-no,FALSE,55.8613125,-4.4173125
Jollyes - The Pet Superstore Bolton,4.4,287,Pet Shop,,Retail Park  Crompton Way  Astley Bridge  Bolton BL1 8NZ,JH29+39 Bolton,jollyes.co.uk,01204 300199,9am-7pm,10:30am-4:30pm,9am-7pm,9am-7pm,9am-7pm,9am-7pm,9am-7pm,,FALSE,53.6001875,-2.4315625
Proexotics,4.9,157,Pet Shop,,44 Glasgow Rd  Paisley PA1 3PW,RHWR+P5 Paisley,proexotics.co.uk,0141 840 1939,10am-5:30pm,12-4:30pm,10am-5:30pm,10am-5:30pm,10am-5:30pm,10am-5:30pm,10am-5:30pm,https://lh5.googleusercontent.com/p/AF1QipNXoRbO5JWrV-Nfa3Dawq8Ki6rgHi9J0AFTeIL8=w408-h306-k-no,TRUE,55.8468125,-4.4095625
Shanklin Pet Stores,4.6,16,Pet Shop,   In-store shopping     Curbside pickup     Delivery,8 Clarendon Rd  Shanklin PO37 7AG,JRJC+GR Shanklin,shanklinpetstores.co.uk,01983 863546,10am-2pm,Closed,9am-4pm,9am-4pm,9am-4pm,9am-4pm,9am-4pm,https://lh5.googleusercontent.com/p/AF1QipNjzWzhl8qHvBxM9oF9deXJ11X08eh7I83DPUsK=w426-h240-k-no,TRUE,,
Pets Corner,4.4,116,Pet Shop,"Retail chain supplying care products for family pets, plus an animal advice service.       In-store shopping     Curbside pickup     Delivery",Unit 9  Dukes Mill  Shopping Centre  Broadwater Rd  Romsey SO51 8PJ,XGQ2+2M Romsey,petscorner.co.uk,01794 512528,9am-6pm,10am-4pm,8:30am-7pm,8:30am-7pm,8:30am-7pm,8:30am-7pm,8:30am-7pm,https://lh5.googleusercontent.com/p/AF1QipNueUYEG4_3rcMHY2x0vx4dydTNTcHTeIxxqlf3=w426-h240-k-no,FALSE,50.9875625,-1.4983125
Pets at Home Bradford,4.3,641,Pet Shop,"One-stop shop for pet food, toys, equipment and insurance, plus small animals, fish and reptiles.       In-store pick-up",Forster Square Retail Park Park  6B  5 Valley Rd  Bradford BD1 4AG,Q6XX+43 Bradford,community.petsathome.com,01274 722969,9am-7pm,10:30am-4:30pm,9am-6pm,9am-6pm,9am-6pm,9am-6pm,9am-6pm,https://lh5.googleusercontent.com/p/AF1QipNUwtPFibiBOt3SDKj_i_0IfvltLVSp6QnWk6KG=w408-h244-k-no,FALSE,53.7978125,-1.7523125
Pets at Home Penrith,4.5,285,Pet Shop,"One-stop shop for pet food, toys, equipment and insurance, plus small animals, fish and reptiles.       In-store pick-up",Castle Retail Park  Ullswater Rd  Penrith CA11 7EH,M65Q+MQ Penrith,community.petsathome.com,0345 600 1992,9am-6pm,10am-4pm,9am-6pm,9am-6pm,9am-6pm,9am-6pm,9am-6pm,,FALSE,54.6591875,-2.7605625
Ginger Ted Ltd,4.9,10,Pet Shop,,,,gingerted.co.uk,,Open 24 hours,Open 24 hours,Open 24 hours,Open 24 hours,Open 24 hours,Open 24 hours,Open 24 hours,,TRUE,,
Pets Corner,4.6,200,Pet Shop,   In-store shopping     Curbside pickup     Delivery,Norfolk House  16-18 Station Rd  Thatcham RG19 4PR,CP2W+M8 Thatcham,petscorner.co.uk,01635 861644,9am-6pm,10am-5pm,9am-6pm,9am-6pm,9am-6pm,9am-6pm,9am-6pm,,FALSE,51.4016875,-1.2541875
Pets Corner,4.5,244,Pet Shop,   In-store shopping     Curbside pickup     Delivery,Tanfield Garage  Guildford Rd  Horsham RH12 1TR,3M76+XR Horsham,petscorner.co.uk,01403 270227,9am-6pm,10:30am-4:30pm,9am-6pm,9am-6pm,9am-6pm,9am-6pm,9am-6pm,https://lh5.googleusercontent.com/p/AF1QipMLcteJof8bN8bMGFkJ69J4Z71tCKH5cD1ISajL=w426-h240-k-no,FALSE,51.0649375,-0.3379375
My Pet HQ Ltd,4.7,82,Pet Shop,   In-store pick-up,15-17  Oldgate  Morpeth NE61 1QF,5885+X4 Morpeth,mypethq.co.uk,01670 512895,10am-4pm,Closed,10am-4pm,10am-4pm,10am-4pm,10am-4pm,10am-4pm,,TRUE,55.1674375,-1.6921875
Pets at Home Bishopbriggs,4.3,582,Pet Shop,"One-stop shop for pet food, toys, equipment and insurance, plus small animals, fish and reptiles.       In-store pick-up",Strathkelvin Retail Park  5a  Crosshill Rd  Glasgow G64 2TS,"WQCR+6G Bishopbriggs, Glasgow",community.petsathome.com,0345 600 9679,9am-7pm,10am-6pm,9am-8pm,9am-8pm,9am-8pm,9am-8pm,9am-8pm,https://lh5.googleusercontent.com/p/AF1QipMf4a076XvcpK9VLCl_R5wIcFmXBGm5AwvnQPBm=w426-h240-k-no,FALSE,55.9205625,-4.2086875
All Under One Woof,4.9,35,Pet Shop,,6  4  FULLWOOD INDUSTRIAL ESTATE  Burnbank Rd  Hamilton ML3 9AZ,QWJQ+3X Hamilton,allunderonewoof.org,01698 420529,10am-4pm,Closed,10am-5pm,10am-5pm,10am-5pm,10am-5pm,10am-5pm,,TRUE,55.7801875,-4.0600625
Pets Corner,4.6,117,Pet Shop,   In-store shopping     Curbside pickup     Delivery,Bell Walk House  Shopping Centre  6 Bell Walk Market  Uckfield TN22 5DQ,X39W+H2 Uckfield,petscorner.co.uk,01825 762645,9am-6pm,10am-4pm,9am-6pm,9am-6pm,9am-6pm,9am-6pm,9am-6pm,https://lh5.googleusercontent.com/p/AF1QipOkHgSEo8c_5X7ew8Dh5yixkN6MXZwbN5Zo093d=w426-h240-k-no,FALSE,50.9689375,0.0950625
Healthy Pet Store,4.8,214,Pet Shop,   In-store shopping     Curbside pickup     Delivery,Road (under Arcade  27 Salisbury Rd  Totton  Southampton SO40 3HX,WG95+Q9 Southampton,healthypetstore.co.uk,023 8086 8598,9am-5pm,10am-4pm,9am-5:30pm,9am-5:30pm,9am-5:30pm,9am-8pm,9am-5:30pm,https://lh5.googleusercontent.com/p/AF1QipPOXcKqOWWXhYZJJ3uMgjr0JevzsSJ71ekyiCce=w408-h306-k-no,TRUE,50.9194375,-1.4915625
Whitton Pet Centre Ltd,4.4,83,Pet Shop,,95 High St  Twickenham TW2 7LD,FJ2R+6W Twickenham,whittonpetcentre.co.uk,020 3417 4947,9am-4pm,Closed,9am-4pm,9am-4pm,9am-4pm,9am-4pm,9am-4pm,https://lh5.googleusercontent.com/p/AF1QipMP7H8PtaF-QcTHe_phVc8UYv1E9b_raQq9ipQb=w408-h306-k-no,TRUE,51.4505625,-0.3576875
Pets Corner,4.5,120,Pet Shop,   In-store shopping     Curbside pickup     Delivery,378 S Coast Rd  Telscombe Cliffs  Peacehaven BN10 7ET,QXVM+V8 Peacehaven,petscorner.co.uk,01273 587581,9am-6pm,10am-4pm,9am-6pm,9am-6pm,9am-6pm,9am-6pm,9am-6pm,,FALSE,50.7946875,-0.0166875
Ponderosa Bird & Pet Centre Ltd.,4.6,96,Pet Shop,,Dundry Nurseries  Bamfurlong Ln  Cheltenham GL51 6SL,VVW3+37 Cheltenham,ponderosapetshop.co.uk,01452 713229,10am-4pm,10am-4pm,10am-4pm,10am-4pm,10am-4pm,10am-4pm,10am-4pm,https://lh5.googleusercontent.com/p/AF1QipOzcHR6beMTh5CSSXXVbpdGtejvjq81Qa87Jpg1=w408-h306-k-no,TRUE,51.8951875,-2.1468125
Happy Pets,4.9,30,Pet Care Store,,94 Queensberry St  Dumfries DG1 1BG,399Q+XJ Dumfries,happypetsdirect.co.uk,01387 247779,9am-5pm,Closed,9am-5pm,9am-5pm,9am-5pm,9am-5pm,9am-5pm,https://geo1.ggpht.com/cbk?panoid=J8Z-q3hUw8yrWMEwAz-n8g&output=thumbnail&cb_client=search.gws-prod.gps&thumb=2&w=408&h=240&yaw=111.71378&pitch=0&thumbfov=100,TRUE,55.0699375,-3.6109375
Chiswick Pets London,4.4,150,Pet Shop,"Established store selling domestic pets, fish and reptiles and offers a holiday boarding service.",32-34 Devonshire Rd  Chiswick  London W4 2HD,FPRV+JQ London,chiswickpets.co.uk,020 8747 0715,9am-6pm,11am-4pm,9am-6pm,9am-6pm,9am-6pm,9am-6pm,9am-6pm,,TRUE,51.4915625,-0.2555625
UK Pets Company (Richmond),4.7,39,Pet Shop,,4 Duke St  London TW9 1HP,FM6W+H7 London,ukpetscompany.com,020 8948 6172,10am-6pm,11am-5pm,10am-6pm,10am-6pm,10am-6pm,10am-6pm,10am-6pm,https://lh5.googleusercontent.com/p/AF1QipO7TaTUzw-lXso-UQv0bKUDH7LLUA80_vHIhkwn=w408-h408-k-no,TRUE,51.4614375,-0.3043125
Broadway Pet Stores,4.5,92,Pet Care Store,"Family-run store for hamsters, budgies and fish, plus accessories including fish tanks and food.       In-store shopping     Curbside pickup     Delivery",6-8 Muswell Hill Broadway  Muswell Hill  London N10 3RT,HVQ4+P4 London,broadwaypetstores.co.uk,020 8883 3200,9:30am-5pm,Closed,Closed,9:30am-5pm,9:30am-5pm,9:30am-5pm,9:30am-5pm,https://lh5.googleusercontent.com/p/AF1QipOyxyd4acmS26xBcI7Kn7y6lxiN4D59pdGzyaqJ=w408-h265-k-no,TRUE,51.5893125,-0.1446875
Pets at Home Hexham,4.4,145,Pet Shop,"One-stop shop for pet food, toys, equipment and insurance, plus small animals, fish and reptiles.       In-store pick-up",Tyne Valley Retail Park  Station Rd  Hexham NE46 1EZ,XWC4+WR Hexham,community.petsathome.com,0345 600 3689,9am-7pm,10am-4pm,9am-8pm,9am-8pm,9am-8pm,9am-8pm,9am-8pm,https://lh5.googleusercontent.com/p/AF1QipMDBiA29MUT3-FKWnjlUJGyzT6fqcGO9uxMevhS=w408-h275-k-no,FALSE,54.9723125,-2.0929375
Pets Corner,4.6,84,Pet Shop,   In-store shopping     Curbside pickup     Delivery,Unit 3 Fairfield Rd  Warminster BA12 9BR,6R3F+WG Warminster,petscorner.co.uk,01985 218045,9am-6pm,10am-4pm,9am-6pm,9am-6pm,9am-6pm,9am-6pm,9am-6pm,https://lh5.googleusercontent.com/p/AF1QipPgPhC3D-CeXgtVX1OzU1Idu9UGR8t6WDpGrdgr=w426-h240-k-no,FALSE,51.2048125,-2.1761875
Pets Corner,4.6,91,Pet Shop,   In-store shopping     Curbside pickup     Delivery,Unit 4b Townsend Shopping Park  Shepton Mallet BA4 5EG,5CPX+XR Shepton Mallet,petscorner.co.uk,01749 347732,9am-6pm,10am-4pm,9am-6pm,9am-6pm,9am-6pm,9am-6pm,9am-6pm,https://lh5.googleusercontent.com/p/AF1QipPbSMITbvoA_KybkzLV2KbHJ4mFaqjQpBgxz-9j=w426-h240-k-no,FALSE,51.1874375,-2.5504375
Pets Corner,4.6,82,Pet Shop,   In-store shopping     Curbside pickup     Delivery,89 High St  Tilsmore Rd  Heathfield TN21 8JA,X6CX+45 Heathfield,petscorner.co.uk,01435 860606,9am-6pm,10am-4pm,9am-6pm,9am-6pm,9am-6pm,9am-6pm,9am-6pm,,FALSE,50.9703125,0.2479375
The Pet Stop,4.8,5,Pet Shop,   In-store shopping     Curbside pickup     Delivery,Thorpe Market Road  Roughton  Norwich NR11 8TB,V8J6+F9 Cromer,thepetstopalby.co.uk,01263 834969,9:30am-2:30pm,Closed,Closed,9:30am-3:30pm,9:30am-3:30pm,9:30am-3:30pm,9:30am-3:30pm,https://lh5.googleusercontent.com/p/AF1QipPCDAJrroOKZgU3xgtWdByM-_OIYbSRQl8lbXw=w408-h306-k-no,TRUE,52.8811875,1.3109375
The Pet Store,4.6,150,Pet Care Store,,21  Cannon Way  Barugh Green  Barnsley S75 1JU,HF9G+44 Barnsley,the-petstore.co.uk,01226 380581,9am-5pm,10am-4pm,9am-6pm,9am-6pm,9am-6pm,9am-6pm,9am-6pm,https://lh5.googleusercontent.com/p/AF1QipN-veN01iVPORO8hDn2jGBQ-zT_27EBe49G6nkm=w426-h240-k-no,FALSE,53.5678125,-1.5246875
Pets at Home Ayr,4.3,455,Pet Shop,"One-stop shop for pet food, toys, equipment and insurance, plus small animals, fish and reptiles.       In-store pick-up",21 Allison St  Ayr KA8 8HD,F99C+HP Ayr,community.petsathome.com,0845 266 8230,9am-7pm,10am-6pm,9am-8pm,9am-8pm,9am-8pm,9am-8pm,9am-8pm,https://lh5.googleusercontent.com/p/AF1QipPqKdhs1A-FTJ9uAL8lkJ9b1edCydmNzyOcoI7c=w426-h240-k-no,FALSE,55.4689375,-4.6281875
The Lost World,4.9,108,Pet Shop,,6 New Bridge St  Ayr KA7 1JX,F979+W7 Ayr,,01292 290488,10am-5:30pm,12-4pm,10am-5pm,10am-5pm,10am-5pm,10am-5:30pm,10am-5:30pm,https://lh5.googleusercontent.com/p/AF1QipNN-D0Prgt0Nd9SRsO_6SM44iYgsvUSl3Z0JZ6C=w408-h725-k-no,FALSE,55.4648125,-4.6318125
Pets Corner,4.5,149,Pet Shop,   In-store shopping     Curbside pickup     Delivery,Retail Park  Unit 1 Salisbury Rd  Blandford Forum DT11 7QG,VR6Q+34 Blandford Forum,petscorner.co.uk,01258 450184,9am-6pm,10am-4pm,9am-6pm,9am-6pm,9am-6pm,9am-6pm,9am-6pm,,FALSE,50.8601875,-2.1621875
The Pet Hut,,,Pet Shop,,Westwood Rd  Westwood  Broadstairs CT10 2RQ,,poundstretcher.co.uk,,9am-5pm,Closed,9am-5pm,9am-5pm,9am-5pm,9am-5pm,9am-5pm,,FALSE,,
Veermans Pets & Co.,4.9,31,Pet Shop,   In-store shopping     Curbside pickup,134 High St  Tranent EH33 1HJ,W3V2+8J Tranent,petsandco.uk,01875 632112,9am-5pm,Closed,9am-5pm,9am-5pm,9am-5pm,9am-5pm,9am-5pm,,TRUE,55.9433125,-2.9484375
Jumanji Pets,4.1,405,Pet Shop,"Large store selling pet animals and fish, plus food, equipment and accessories.",44 Birchington Rd  North Maida Vale  London NW6 4LJ,GRQ4+P8 London,jumanjipets.co.uk,020 7372 5693,9am-6pm,11am-5pm,9am-6pm,9am-6pm,9am-6pm,9am-6pm,9am-6pm,https://lh5.googleusercontent.com/p/AF1QipMAExFBx0-uGq8RTKNQJZ6fmtMYh3f6dXJcc7bK=w408-h725-k-no,TRUE,51.5393125,-0.1941875
Pets Corner,4.8,136,Pet Shop,   In-store shopping     Curbside pickup     Delivery,Littlemoor Road Goulds Garden Centre  Weymouth DT3 6AD,JHW5+H8 Weymouth,petscorner.co.uk,01305 832783,9am-5:30pm,10:30am-4:30pm,9am-5:30pm,9am-5:30pm,9am-5:30pm,9am-5:30pm,9am-5:30pm,https://lh5.googleusercontent.com/p/AF1QipM5-SNsAM1qI0em7owXBUuY21UOCnaflpQrazQa=w426-h240-k-no,FALSE,50.6464375,-2.4416875
Nu Pets,4,129,Pet Care Store,   In-store shopping     Curbside pickup     Delivery,97-99 Lowther St  Carlisle CA3 8ED,V3W8+6F Carlisle,nu-pets.co.uk,01228 520473,10am-4pm,Closed,10am-2pm,10am-2pm,10am-2pm,10am-2pm,10am-2pm,,TRUE,54.8955625,-2.9338125
Pets Corner,4.7,114,Pet Shop,   In-store shopping     Curbside pickup     Delivery,160 Fleet Rd  Fleet GU51 4BE,75J5+H5 Fleet,petscorner.co.uk,01252 615905,9am-5:30pm,10am-4pm,9am-5:30pm,9am-5:30pm,9am-5:30pm,9am-5:30pm,9am-5:30pm,https://lh5.googleusercontent.com/p/AF1QipMmrBeX2ldUG17kBtGIeq4mVFrQZe82SnjWFIrs=w426-h240-k-no,FALSE,51.2814375,-0.8420625
The Barking Lot,4.6,44,Pet Shop,,7 Horsefair  Wetherby LS22 6JG,WJH8+93 Wetherby,thebarkinglot.co.uk,01937 588662,10:30am-4pm,Closed,10:30am-4:30pm,10:30am-4:30pm,10:30am-4:30pm,10:30am-4:30pm,10:30am-4:30pm,https://lh5.googleusercontent.com/p/AF1QipM6ZYFIgV75J0-t-IQll8N3t_n5PXrFBd82iSaZ=w408-h240-k-no-pi-0-ya299.3591-ro0-fo100,TRUE,53.9284375,-1.3848125
reptilescene,4.4,80,Pet Shop,,15 Aitchison St  Airdrie ML6 9AF,V286+JC Airdrie,,01236 702706,Closed,9:30am-9pm,9am-7pm,Closed,Closed,10am-5pm,9am-9pm,,TRUE,55.8665625,-3.9889375
Pets Corner,4.8,93,Pet Shop,   In-store shopping     Curbside pickup     Delivery,Units 1 & 2  Bursledon House  Station Rd  New Milton BH25 6HS,Q83V+GX New Milton,petscorner.co.uk,01425 627725,9am-6pm,10am-4pm,9am-6pm,9am-6pm,9am-6pm,9am-6pm,9am-6pm,https://lh5.googleusercontent.com/p/AF1QipM34_3FCoWTAxBPaPiVvegeLOViGxOZJ74c0vn1=w422-h240-k-no,FALSE,50.7538125,-1.6550625
VIP Pets,4.3,49,Pet Care Store,,30-32 Paisley Rd W  Glasgow G51 1LB,VP39+9R Glasgow,vippetsglasgow.co.uk,0141 418 0326,10am-5:30pm,10am-5pm,10am-5:30pm,10am-5:30pm,10am-5:30pm,10am-5:30pm,10am-5:30pm,https://lh5.googleusercontent.com/p/AF1QipOsXpYTt5shcAV9ibM67zO5YY4BrnQEYhjEucIA=w426-h240-k-no,FALSE,55.8534375,-4.2804375
Pingles Pet Store,4.7,310,Pet Shop,,The Pingle  Ashby Rd  Barwell  Leicester LE9 8HW,HJGP+MP Leicester,en-gb.facebook.com,01455 847625,8:30am-5:30pm,10am-4pm,9am-6pm,9am-6pm,9am-6pm,9am-6pm,9am-6pm,https://lh5.googleusercontent.com/p/AF1QipN5uHi5MnCQK-qGEMb_Ig7PsTe2_wDcQLbV3IGl=w426-h240-k-no,FALSE,52.5766875,-1.3631875
Pets Corner,4.7,59,Pet Shop,   In-store shopping     Curbside pickup     Delivery,The Pet Family Building  George Ln  Marlborough SN8 4BY,C79C+46 Marlborough,petscorner.co.uk,01672 511310,9am-6pm,10am-4pm,9am-6pm,9am-6pm,9am-6pm,9am-6pm,9am-6pm,,FALSE,51.4178125,-1.7294375
Pets Corner,4.6,78,Pet Shop,   In-store shopping     Curbside pickup     Delivery,Princes Rd  Wells BA5 1TB,684X+QW Wells,petscorner.co.uk,01749 672284,9am-6pm,10am-4pm,9am-6pm,9am-6pm,9am-6pm,9am-6pm,9am-6pm,https://lh5.googleusercontent.com/p/AF1QipMi_q5Vp8uA8V7ehOcGwMHEocsK6payg1nt3uT5=w426-h240-k-no,FALSE,51.2069375,-2.6501875
Algo pet shop,5,1,Pet store,,Blvd. Partizanski Odredi 62  Skopje 1000  North Macedonia,2C32+57 Skopje North Macedonia,,+389 77 649 696,10AM-8PM,Closed,10AM-8PM,10AM-8PM,10AM-8PM,10AM-8PM,10AM-8PM,https://geo2.ggpht.com/cbk?panoid=yJ3iuS731PK0ie5opWL9yw&output=thumbnail&cb_client=search.gws-prod.gps&thumb=2&w=408&h=240&yaw=104.11865&pitch=0&thumbfov=100,FALSE,42.0029375,21.4006875
Aqua shop Nemo,4.3,3,Aquarium shop,,Skopje  1000  North Macedonia,X9XR+CR Skopje North Macedonia,,,,,,,,,,https://lh5.googleusercontent.com/p/AF1QipNnjTq9wp-fxLOezKqInCE1HjH9hKno4-pwEqvm=w408-h306-k-no,FALSE,41.9985625,21.3920625
Global Feed Additives (GFA),5,2,Animal feed store,,st. Ivan Cankar No. 125 b  Skopje  Skopje 1000  North Macedonia,296F+3G Skopje North Macedonia,gfa-mk.business1.com,+389 2 205 0013,Closed,Closed,8:30AM-4PM,8:30AM-4PM,8:30AM-4PM,8:30AM-4PM,8:30AM-4PM,,FALSE,42.0101875,21.3738125
Pet Shop SNOOPY,3,2,Pet store,,Hristo Tatarchev  Skopje 1000  North Macedonia,XCFV+HP Skopje North Macedonia,,,,,,,,,,https://lh5.googleusercontent.com/p/AF1QipM4EDkQAdCHfPGWaoFb1v88FgQOZ-Ev42x9zg85=w427-h240-k-no,FALSE,41.9739375,21.4443125
PRODAVNICA ZA ZOO PODAROCI,5,1,Pet store,,,,,,,,,,,,,https://lh5.googleusercontent.com/p/AF1QipPb6Bo0haRgGgrL-Ig9eVSElQ1rcKikC1u9YLVE=w408-h721-k-no,TRUE,,
Pet Supplies,4.3,18,Pet supply store,,Franklin Ruzvelt 23  Skopje 1000  North Macedonia,XCW6+WR Skopje North Macedonia,,+389 76 514 163,10AM-3PM,Closed,10AM-7PM,10AM-7PM,10AM-7PM,10AM-7PM,10AM-7PM,https://lh5.googleusercontent.com/p/AF1QipNstqiR84Tqce0OSekAvDenXp-7GsiC0a5fTH7b=w408-h408-k-no,TRUE,41.9973125,21.4120625
City Pets,5,2,Pet store,,MK  Boulevard Kuzman Josifovski Pitu 28/1/4  Skopje 1000  North Macedonia,XFQ2+84 Skopje North Macedonia,,+389 74 207 302,10AM-3PM,Closed,11AM-6PM,11AM-6PM,11AM-6PM,11AM-6PM,11AM-6PM,https://lh5.googleusercontent.com/p/AF1QipO7MAuhiwB3xrN3wpls3flmPQT_qzj-HjEhQGgT=w408-h306-k-no,TRUE,41.9883125,21.4503125
Pet Shop Fauna centar Novo Lisice - Parrot Land,,,Pet store,,Vidoe Smilevski Bato 14  dp4 1000  North Macedonia,XFHG+V8 Skopje North Macedonia,,+389 72 699 603,10AM-5PM,Closed,11AM-7PM,11AM-7PM,11AM-7PM,11AM-7PM,11AM-7PM,https://lh5.googleusercontent.com/p/AF1QipOJo1W8I6JmgBbInMUXPVGt2h9ozcFAXYRsBiBw=w635-h240-k-no,FALSE,41.9796875,21.4758125
Cezar,,,Pet store,,Orce Nikolov  Skopje 1000  North Macedonia,2C38+J9 Skopje North Macedonia,,+389 70 532 100,,,,,,,,,FALSE,42.0040625,21.4159375
Art and Craft,,,Reptile store,,Sv. Kiril i Metodij 50  Skopje 1000  North Macedonia,XCVG+6F Skopje North Macedonia,bregli.com.mk,+389 75 398 768,,,,,,,,,TRUE,41.9930625,21.4261875
BIT PET,,,Pet store,,Skopje 1000  North Macedonia,2C3Q+8C Skopje North Macedonia,,+389 71 290 876,9AM-6PM,9AM-6PM,9AM-6PM,9AM-6PM,9AM-6PM,9AM-6PM,9AM-6PM,https://lh5.googleusercontent.com/p/AF1QipMvt3T4g-wKxEnu44Up4ra1yDT0elHXyQ9AykxT=w408-h306-k-no,FALSE,42.0033125,21.4385625
Jirasuda DOOEL,,,Pet store,,MK  Boris Trajkovski 7  Skopje 1000  North Macedonia,XFC8+VJ Skopje North Macedonia,,+389 78 474 841,,,,,,,,,TRUE,41.9721875,21.4665625
